timestamp,experiment,artifact,hardware,N_over_n,baseline,candidate,speedup,speedup_sd,variance,compression,closure,reconstruction,invariant,Lean,reproducibility,evidence_class,status
2026-10-07,agd_generality_quotient_descent,AGD_QUANTUM_GENERALITY_RESULTS.csv,4xA78@2.4+4xA55@1.8 aarch64 PRoot walt,2,t_full=3.1770e-06s,t_kernel=2.7080e-06s,1.1641,0.0847,MAD=0.0475 CV=7.3%,2,0.00e+00,2.26e-16,pi_r_err=2.22e-16,not_in_this_artifact,seeds_deterministic,E1,e2e_med=0.2843 break_even=NO
2026-10-07,agd_generality_quotient_descent,AGD_QUANTUM_GENERALITY_RESULTS.csv,4xA78@2.4+4xA55@1.8 aarch64 PRoot walt,3,t_full=3.2820e-06s,t_kernel=2.7600e-06s,1.1566,0.1047,MAD=0.0808 CV=9.1%,2,0.00e+00,2.24e-16,pi_r_err=2.22e-16,not_in_this_artifact,seeds_deterministic,E1,e2e_med=0.2850 break_even=NO
2026-10-07,agd_generality_quotient_descent,AGD_QUANTUM_GENERALITY_RESULTS.csv,4xA78@2.4+4xA55@1.8 aarch64 PRoot walt,4,t_full=3.4900e-06s,t_kernel=2.7610e-06s,1.2730,0.0998,MAD=0.0852 CV=7.8%,4,0.00e+00,7.85e-17,pi_r_err=0.00e+00,not_in_this_artifact,seeds_deterministic,E1,e2e_med=0.3212 break_even=NO
2026-10-07,agd_generality_quotient_descent,AGD_QUANTUM_GENERALITY_RESULTS.csv,4xA78@2.4+4xA55@1.8 aarch64 PRoot walt,5,t_full=4.6870e-06s,t_kernel=2.8130e-06s,1.6428,0.1270,MAD=0.0798 CV=7.7%,4,0.00e+00,1.11e-16,pi_r_err=0.00e+00,not_in_this_artifact,seeds_deterministic,E1,e2e_med=0.3981 break_even=NO
2026-10-07,agd_generality_quotient_descent,AGD_QUANTUM_GENERALITY_RESULTS.csv,4xA78@2.4+4xA55@1.8 aarch64 PRoot walt,6,t_full=9.7920e-06s,t_kernel=2.8130e-06s,3.4344,0.4249,MAD=0.0838 CV=12.4%,8,0.00e+00,1.11e-16,pi_r_err=1.11e-16,not_in_this_artifact,seeds_deterministic,E1,e2e_med=0.7268 break_even=NO
2026-10-07,agd_generality_quotient_descent,AGD_QUANTUM_GENERALITY_RESULTS.csv,4xA78@2.4+4xA55@1.8 aarch64 PRoot walt,7,t_full=2.9271e-05s,t_kernel=3.1250e-06s,9.3667,0.7954,MAD=0.4832 CV=8.5%,8,0.00e+00,8.44e-17,pi_r_err=1.11e-16,not_in_this_artifact,seeds_deterministic,E1,e2e_med=1.4960 break_even=YES
2026-10-07,agd_generality_quotient_descent,AGD_QUANTUM_GENERALITY_RESULTS.csv,4xA78@2.4+4xA55@1.8 aarch64 PRoot walt,8,t_full=1.0276e-04s,t_kernel=3.1770e-06s,33.2197,6.9951,MAD=2.8631 CV=21.1%,16,0.00e+00,5.68e-17,pi_r_err=0.00e+00,not_in_this_artifact,seeds_deterministic,E1,e2e_med=3.7212 break_even=YES
2026-10-07,agd_generality_quotient_descent,AGD_QUANTUM_GENERALITY_RESULTS.csv,4xA78@2.4+4xA55@1.8 aarch64 PRoot walt,9,t_full=3.9385e-04s,t_kernel=4.4270e-06s,87.2379,15.0771,MAD=7.9463 CV=17.3%,16,0.00e+00,4.29e-17,pi_r_err=0.00e+00,not_in_this_artifact,seeds_deterministic,E1,e2e_med=5.7556 break_even=YES
2026-10-07,agd_generality_quotient_descent,AGD_QUANTUM_GENERALITY_RESULTS.csv,4xA78@2.4+4xA55@1.8 aarch64 PRoot walt,10,t_full=1.6357e-03s,t_kernel=4.4270e-06s,356.8419,71.9198,MAD=33.8012 CV=20.2%,32,0.00e+00,3.48e-17,pi_r_err=1.11e-16,not_in_this_artifact,seeds_deterministic,E1,e2e_med=13.6467 break_even=YES
2026-10-07,zeroization_lemma_Mathlib,/root/AGDFormalGap.lean,lean 4.29.0,,divisible_and_small_zero,proved,n/a,n/a,n/a,,n/a,n/a,n/a,FAILS-import Mathlib,n/a,E3-intended,UNVERIFIABLE-here
2026-10-07,zeroization_lemma_core,AGD_MASTER_DERIVED_20261007/AGDFormalGapCore.lean,lean 4.29.0,,divisible_and_small_zero,proved,n/a,n/a,n/a,,n/a,n/a,n/a,YES lean exit 0 axioms[propext],deterministic,E3,CONFIRMED
2026-10-07,neon_gemm_sweep,pcss_runs/PCSS_NEON_GEMM_N512_20261001T052954Z,4xA78 aarch64 walt,128..1024,scalar triple-loop,NEON 4x4 FMA,7.29..14.75x,n/a,3 outer runs,n/a,n/a,max_abs<=2.0e-05 PASS,n/a,false,3 outer runs agree,E1,CONFIRMED
2026-10-07,fiber_quotient_phone,pcss_runs/FIBER_QUOTIENT_PHONE_20261004T.json,aarch64 PRoot,,full materialize,stream 4KiB buffer,25600x SIZE ratio only,,n/a,,n/a,"exact_output_match claimed, no digest recorded",n/a,false,1 run,E0,UNSUPPORTED-as-speedup
2026-10-07,governor_formalization,pcss_runs/GOVERNOR_FORMALIZATION_20261001T070917Z,aarch64 PRoot,L=4..12,literal gates,literal gates,median_kernel=6.19x max=105.5x,,n/a,8..2048,n/a,n/a,n/a,NO .lean file,none,E0,QUARANTINED (self-declared)
2026-10-07,governed_quotient_e2e,pcss_runs/GOVERNED_QUOTIENT_E2E_20261001T063448Z,aarch64 PRoot,L=4..12,traverse full state,traverse admissible subset,0.54x(L=4) .. 105.5x(L=12),,"7 reps median, 1 outer run",8..2048,n/a,n/a,n/a,false,single run,E1-kernel-only,CONFIRMED-as-state-space-reduction
