AMORTIZATION_SWEEP v2; d=4096 m=64 r=64 trials=7 reps=5 warmups=2; plan create/projection, quotient execution, reconstruction separately; plan teardown excluded
steps,baseline_ms,create_project_ms,quotient_steps_ms,reconstruct_ms,quotient_e2e_ms,speedup,baseline_per_step_us,quotient_step_us,max_abs_error,memcmp_equal,admissible,fallback
0,0.013375,0.055417,0.000698,0.002875,0.058990,0.227,0.000,0.000,0,1,1,0
1,0.240156,0.011114,0.003688,0.001729,0.016531,14.528,240.156,3.688,0,1,1,0
2,0.466552,0.011344,0.007052,0.001719,0.020115,23.194,233.276,3.526,0,1,1,0
4,0.925927,0.012552,0.013677,0.001990,0.028218,32.813,231.482,3.419,0,1,1,0
8,1.847969,0.012042,0.026927,0.001791,0.040760,45.337,230.996,3.366,0,1,1,0
16,3.697073,0.014062,0.053458,0.002031,0.069552,53.156,231.067,3.341,0,1,1,0
32,7.391968,0.017834,0.106406,0.002468,0.126708,58.339,230.999,3.325,0,1,1,0
64,14.750114,0.018708,0.216635,0.002541,0.237885,62.005,230.471,3.385,0,1,1,0
128,29.687969,0.019500,0.424989,0.002448,0.446937,66.425,231.937,3.320,0,1,1,0
256,59.176229,0.018125,0.845917,0.002333,0.866375,68.303,231.157,3.304,0,1,1,0
512,118.421104,0.020000,1.702854,0.002479,1.725333,68.637,231.291,3.326,0,1,1,0
1024,236.963948,0.018531,3.417594,0.002521,3.438646,68.912,231.410,3.337,0,1,1,0
AMORTIZATION_SWEEP_GATE=PASS