timestamp,sequence,bid,ask,bid_vol,ask_vol,imbalance
2026-10-04T07:18:21.373Z,137222717916,84930.74,84930.75,4.27789405,1.67821132,0.4364735961680947
2026-10-04T07:18:23.498Z,137222718390,84930.74,84930.75,4.23074488,1.67765064,0.43211295373807335
2026-10-04T07:18:25.878Z,137222718936,84930.74,84930.75,4.30852442,1.67012772,0.44130292885713873
2026-10-04T07:18:28.402Z,137222719479,84930.74,84930.75,4.34266038,1.78144678,0.4182182860431854
2026-10-04T07:18:30.876Z,137222720076,84930.74,84930.75,2.71501287,2.20794623,0.10300037633869419
2026-10-04T07:18:33.265Z,137222720517,84930.74,84930.75,3.34220186,1.9783782,0.25632988219709263
2026-10-04T07:18:35.771Z,137222721085,84930.74,84930.75,3.34957381,1.97914349,0.2571782744038607
2026-10-04T07:18:38.190Z,137222721578,84930.74,84930.75,3.3132503,1.97914349,0.2520800346566805
2026-10-04T07:18:40.573Z,137222722141,84930.74,84930.75,3.31325032,1.97914349,0.2520800374830762
2026-10-04T07:18:42.991Z,137222723720,84921.93,84921.94,2.55516821,1.45269724,0.27507684171383545
2026-10-04T07:18:45.471Z,137222724641,84921.93,84921.94,2.51004063,1.43419279,0.27276474930330075
2026-10-04T07:18:47.943Z,137222725382,84921.93,84921.94,2.43586507,1.39821954,0.27063709739050323
2026-10-04T07:18:50.455Z,137222726258,84921.93,84921.94,2.28954913,2.24228798,0.010428695659804893
2026-10-04T07:18:52.961Z,137222727139,84921.93,84921.94,2.39827106,2.16793542,0.05044354455035513
2026-10-04T07:18:55.321Z,137222727815,84921.93,84921.94,2.46333897,2.16896328,0.06354846340175661
2026-10-04T07:18:57.854Z,137222728656,84921.93,84921.94,2.49432693,2.02881654,0.10291744957627876
2026-10-04T07:19:00.389Z,137222729296,84921.93,84921.94,2.42232517,2.11174633,0.06849888450149051
2026-10-04T07:19:02.910Z,137222729976,84921.93,84921.94,2.71336596,1.95412662,0.1626653555387121
2026-10-04T07:19:05.264Z,137222731055,84921.93,84921.94,2.88306807,1.89750545,0.20615991279640444
2026-10-04T07:19:08.027Z,137222731482,84921.93,84921.94,2.28489063,1.89930482,0.09215291556229771
2026-10-04T07:19:10.391Z,137222732128,84921.93,84921.94,2.83444266,2.14921655,0.137494575998506
2026-10-04T07:19:12.942Z,137222732657,84921.93,84921.94,2.79080381,2.14921721,0.1298752773323219
2026-10-04T07:19:15.494Z,137222733179,84921.93,84921.94,2.16143489,2.14921643,0.0028344811707016362
2026-10-04T07:19:17.844Z,137222733720,84921.93,84921.94,2.77150223,2.26466017,0.10064053136967939
2026-10-04T07:19:20.235Z,137222734198,84921.93,84921.94,2.21232696,2.1737486,0.00879564418630303
2026-10-04T07:19:22.650Z,137222734722,84921.93,84921.94,2.2530852,2.00693386,0.05778174616899494
2026-10-04T07:19:25.114Z,137222735614,84921.93,84921.94,2.23582129,1.40772629,0.22727711984482982
2026-10-04T07:19:27.526Z,137222736070,84921.93,84921.94,2.39393179,1.40772629,0.25941457102317844
2026-10-04T07:19:29.938Z,137222736577,84921.93,84921.94,2.23444323,1.39219673,0.23223879659672636
2026-10-04T07:19:32.337Z,137222737141,84921.93,84921.94,3.32521776,1.39362906,0.409334901869097
2026-10-04T07:19:34.883Z,137222737648,84921.93,84921.94,3.39712107,1.75381745,0.31902994252783284
2026-10-04T07:19:37.409Z,137222738196,84921.93,84921.94,2.61837853,1.75534548,0.19732224713465638
2026-10-04T07:19:39.881Z,137222738791,84921.93,84921.94,2.50555794,1.49561863,0.25241058282014284
2026-10-04T07:19:42.339Z,137222739269,84921.93,84921.94,2.50555765,1.69360646,0.1933601947269452
2026-10-04T07:19:44.833Z,137222739813,84921.93,84921.94,2.35185735,1.5837327,0.19517394856712778
2026-10-04T07:19:47.427Z,137222740320,84921.93,84921.94,2.54950873,1.58830846,0.23229645628689546
2026-10-04T07:19:49.905Z,137222740786,84921.93,84921.94,2.51008447,1.94366266,0.12717870895377933
2026-10-04T07:19:52.417Z,137222741247,84921.93,84921.94,2.59856424,2.00820982,0.12814920209045386
2026-10-04T07:19:54.927Z,137222741737,84921.93,84921.94,2.5136014,2.00748389,0.11194602126163378
2026-10-04T07:19:57.336Z,137222742240,84921.93,84921.94,2.58916686,1.94182098,0.142870804967775
2026-10-04T07:19:59.776Z,137222742760,84921.93,84921.94,2.55584526,1.90473106,0.14597086862533504
2026-10-04T07:20:02.161Z,137222743228,84921.93,84921.94,2.5254906,2.0098177,0.11370184029165112
2026-10-04T07:20:04.568Z,137222743732,84921.93,84921.94,2.6382871,1.95069236,0.14983609013582286
2026-10-04T07:20:07.293Z,137222744484,84921.93,84921.94,3.18980749,1.36007166,0.4021504241491777
2026-10-04T07:20:09.868Z,137222745181,84921.93,84921.94,3.07852261,1.19734415,0.43995254426496645
2026-10-04T07:20:12.255Z,137222745677,84921.93,84921.94,3.16595199,1.62306417,0.3221721891203642
2026-10-04T07:20:14.678Z,137222747657,84930.55,84930.56,2.19886945,1.90989974,0.0703299933963923
2026-10-04T07:20:17.128Z,137222748281,84930.55,84930.56,3.02322152,1.84189088,0.24281672094564555
2026-10-04T07:20:19.637Z,137222749140,84930.56,84930.57,3.22574911,1.88243819,0.26297213494892807
2026-10-04T07:20:22.213Z,137222749910,84930.55,84930.56,3.94084216,2.02126491,0.3219628945710965