CATEGORY,M,K,N,CASE,REF_SEC,NEON_SEC,SPEEDUP,MAXERR,RMSE,FINITE,STATUS,CHECKSUM
DIMENSION,1,1,1,random,2.031e-06,3.646e-06,0.557049,0,0,1,PASS,865751533137554401
DIMENSION,1,3,5,random,1.51e-06,3.437e-06,0.439337,0,0,1,PASS,3445313796087147998
DIMENSION,3,1,7,random,1.51e-06,1.406e-06,1.07397,0,0,1,PASS,18080658018303646339
DIMENSION,2,5,3,random,1.146e-06,1.354e-06,0.846381,0,0,1,PASS,13764410328565271048
DIMENSION,5,3,7,random,1.979e-06,2.031e-06,0.974397,0,0,1,PASS,12218099958458444091
DIMENSION,7,11,5,random,3.281e-06,2.76e-06,1.18877,0,0,1,PASS,2452072280828443213
DIMENSION,13,9,17,random,1.5469e-05,4.896e-06,3.15952,0,0,1,PASS,5633391486618778619
DIMENSION,17,19,13,random,1.6042e-05,8.854e-06,1.81184,0,0,1,PASS,5204003059412057949
DIMENSION,31,29,37,random,8.9115e-05,4.7396e-05,1.88022,0,0,1,PASS,14216424463062929464
DIMENSION,37,31,29,random,8.4531e-05,3.6198e-05,2.33524,0,0,1,PASS,13746575311293567344
DIMENSION,63,65,67,random,0.000794479,0.000313125,2.53726,0,0,1,PASS,1736832572380116320
DIMENSION,65,67,63,random,0.000558541,0.000254479,2.19484,0,0,1,PASS,5157088632810873201
DIMENSION,127,129,131,random,0.00393427,0.00201203,1.95537,0,0,1,PASS,634390370056304278
DIMENSION,129,127,125,random,0.00679906,0.00150708,4.5114,0,0,1,PASS,1344943570129110649
DIMENSION,255,257,253,random,0.0303946,0.0141969,2.14093,0,0,1,PASS,16451435127446463509
DIMENSION,257,255,259,random,0.0304348,0.0161192,1.88811,0,0,1,PASS,7417510677106766780
DIMENSION,383,385,387,random,0.101208,0.0546071,1.85339,0,0,1,PASS,5510683039489715958
DIMENSION,511,513,509,random,0.239059,0.137712,1.73594,0,0,1,PASS,13490107663561399452
DIMENSION,513,511,517,random,0.240997,0.123991,1.94367,0,0,1,PASS,14554196427404743480
DIMENSION,1000,1001,997,random,2.17305,1.06723,2.03615,0,0,1,PASS,14681854915415158158
DIMENSION,1023,1025,1021,random,2.26162,1.30166,1.73749,0,0,1,PASS,8730102837257032159
DIMENSION,1025,1023,1027,random,2.32975,1.47742,1.5769,0,0,1,PASS,15465382577843186117
CORRECTNESS,34,94,17,random_0,0,0,0,0,0,1,PASS,8650753315787974301
CORRECTNESS,88,113,112,random_1,0,0,0,0,0,1,PASS,13523391755483905393
CORRECTNESS,45,72,113,random_2,0,0,0,0,0,1,PASS,13755361640906814065
CORRECTNESS,129,27,106,random_3,0,0,0,0,0,1,PASS,8796496490062631995
CORRECTNESS,8,66,87,random_4,0,0,0,0,0,1,PASS,15748965349527491226
CORRECTNESS,15,108,29,random_5,0,0,0,0,0,1,PASS,8895474506282394086
CORRECTNESS,62,105,98,random_6,0,0,0,0,0,1,PASS,16356901722495933810
CORRECTNESS,4,131,56,random_7,0,0,0,0,0,1,PASS,1659949957048794415
CORRECTNESS,72,148,114,random_8,0,0,0,0,0,1,PASS,14423098621215162514
CORRECTNESS,129,98,33,random_9,0,0,0,0,0,1,PASS,1060081127382326355
CORRECTNESS,33,43,81,random_10,0,0,0,0,0,1,PASS,2177102460069072116
CORRECTNESS,105,128,112,random_11,0,0,0,0,0,1,PASS,1634876073506982116
CORRECTNESS,3,106,94,random_12,0,0,0,0,0,1,PASS,8012489308063797825
CORRECTNESS,112,109,108,random_13,0,0,0,0,0,1,PASS,11532978216760537101
CORRECTNESS,28,144,24,random_14,0,0,0,0,0,1,PASS,428794961369912935
CORRECTNESS,100,139,131,random_15,0,0,0,0,0,1,PASS,15237905283326371503
CORRECTNESS,94,148,118,random_16,0,0,0,0,0,1,PASS,9085406938291000766
CORRECTNESS,111,6,41,random_17,0,0,0,0,0,1,PASS,13956309437418969626
CORRECTNESS,50,21,41,random_18,0,0,0,0,0,1,PASS,7827904624749901995
CORRECTNESS,60,128,89,random_19,0,0,0,0,0,1,PASS,17359139969929568755
CORRECTNESS,100,67,34,random_20,0,0,0,0,0,1,PASS,11120438830751409723
CORRECTNESS,17,122,82,random_21,0,0,0,0,0,1,PASS,11496260605922601636
CORRECTNESS,113,121,8,random_22,0,0,0,0,0,1,PASS,16683064679362031252
CORRECTNESS,49,54,109,random_23,0,0,0,0,0,1,PASS,16817012777024682145
CORRECTNESS,116,98,117,random_24,0,0,0,0,0,1,PASS,15634038568605506374
CORRECTNESS,62,80,47,random_25,0,0,0,0,0,1,PASS,4720045210173817783
CORRECTNESS,14,90,104,random_26,0,0,0,0,0,1,PASS,2831483557857109101
CORRECTNESS,26,102,9,random_27,0,0,0,0,0,1,PASS,5253092426860865238
CORRECTNESS,89,114,60,random_28,0,0,0,0,0,1,PASS,16676434519089400582
CORRECTNESS,12,13,61,random_29,0,0,0,0,0,1,PASS,14850594833622927389
CORRECTNESS,85,80,40,random_30,0,0,0,0,0,1,PASS,15933543421809315178
CORRECTNESS,121,130,40,random_31,0,0,0,0,0,1,PASS,12512787532359639930
CORRECTNESS,99,5,81,random_32,0,0,0,0,0,1,PASS,2893910375686813103
CORRECTNESS,74,113,75,random_33,0,0,0,0,0,1,PASS,893493256567825323
CORRECTNESS,78,86,20,random_34,0,0,0,0,0,1,PASS,5933475578939058691
CORRECTNESS,60,14,73,random_35,0,0,0,0,0,1,PASS,18365322361935195319
CORRECTNESS,21,20,71,random_36,0,0,0,0,0,1,PASS,1862048897224864489
CORRECTNESS,16,130,102,random_37,0,0,0,0,0,1,PASS,15082232629122407515
CORRECTNESS,67,118,121,random_38,0,0,0,0,0,1,PASS,12986778647346286405
CORRECTNESS,38,60,29,random_39,0,0,0,0,0,1,PASS,17613554715979928057
STABILITY,73,71,69,zero,0,0,0,0,0,1,PASS,14055875660646255433
STABILITY,73,71,69,identity,0,0,0,0,0,1,PASS,16398585579691903817
STABILITY,73,71,69,alternating,0,0,0,0,0,1,PASS,5714803505039870793
STABILITY,73,71,69,integer_pattern,0,0,0,0,0,1,PASS,17040133021902113609
STABILITY,73,71,69,large_small,0,0,0,0,0,1,PASS,14396608142048681556
STABILITY,73,71,69,cancellation,0,0,0,0,0,1,PASS,2045571923660845650
STABILITY,73,71,69,repeated,0,0,0,0,0,1,PASS,11685379774283930441
STABILITY,73,71,69,extreme_mix,0,0,0,0,0,1,PASS,7570407478871980769
QUOTIENT,16,1,4,explicit_equivalence,0,0,0,0,0,1,PASS,0
QUOTIENT,31,1,7,explicit_equivalence,0,0,0,0,0,1,PASS,0
QUOTIENT,64,1,8,explicit_equivalence,0,0,0,0,0,1,PASS,0
QUOTIENT,127,1,9,explicit_equivalence,0,0,0,0,0,1,PASS,0
QUOTIENT,257,1,13,explicit_equivalence,0,0,0,0,0,1,PASS,0
QUOTIENT,1024,1,32,explicit_equivalence,0,0,0,0,0,1,PASS,0
E2E,64,64,64,agd_quotient,0.00013401,0.000104219,1.28585,0,0,1,PASS,5020444722922532435
E2E,128,64,96,agd_quotient,0.000383958,0.000276302,1.38963,0,0,1,PASS,8065814230422915715
E2E,256,96,128,agd_quotient,0.00193964,0.000925,2.0969,0,0,1,PASS,3676605769519481099
E2E,384,128,160,agd_quotient,0.00420437,0.00185005,2.27257,0,0,1,PASS,14168357186866958987
E2E,512,128,192,agd_quotient,0.00682682,0.00309276,2.20736,0,0,1,PASS,782080420619646819
